id,label
1007000100000349,2
1005000044000388,0
1009000027000121,7
1007000114000149,1
1009000014000344,6
1005000067000567,7
1005000044000193,5
1006000002000176,2
1005000067000635,7
1007000126000087,0
1007000099000605,1
1009000044000964,4
1009000014000682,6
1009000057000308,6
1007000100000492,3
1005000044000059,5
1005000044000191,0
1007000126000255,0
1006000002000190,0
1007000114000506,1
1007000099000490,2
1001000010000093,3
1007000126000175,0
1007000126000369,0
1005000044000077,5
1008000028000307,7
1001000010000198,3
1009000044000574,7
1005000067000486,7
1005000044000134,5
1008000086000078,4
1007000026000403,2
1007000026000244,2
1005000067000634,7
1009000044000763,7
1007000026000421,2
1007000126000211,0
1006000002000008,0
1006000082000321,0
1007000100000360,3
1008000028000109,7
1009000027000453,7
1006000002000091,2
1008000086000092,6
1009000044001541,7
1009000044000658,7
1009000014000402,6
1003000092000345,4
1008000028000740,7
1008000028000638,3
1005000067000291,3
1006000082000321,0
1005000033000129,6
1007000114000163,1
1007000126000314,0
1007000099000401,2
1007000100000198,3
1005000033000259,6
1003000092000081,6
1006000002000230,0
1008000028000457,7
1003000092000094,6
1007000026000418,2
1006000002000238,2
1007000100000286,2
1009000014000328,6
1009000027000473,7
1005000044000290,5
1009000027000275,7
1009000057000038,6
1009000044000236,7
1008000028001273,7
1006000082000234,0
1007000126000144,0
1005000067000558,7
1009000014000775,6
1005000033000084,6
1005000033000285,6
1005000067000722,7
1007000026000164,3
1008000028000492,7
1006000082000171,0
1009000044001050,7
1008000086000143,4
1009000027000134,7
1001000010000055,3
1009000027000331,7
1007000114000122,2
1008000028001143,7
1005000044000086,0
1003000092000364,4
1009000014000739,6
1006000082000304,0
1001000010000096,3
1007000026000403,2
1007000100000452,2
1005000044000084,5
1007000114000138,2
1006000002000051,2
1005000067000722,7
1009000044000198,7
1003000092000106,4
1008000086000152,1
1007000099000542,2
1009000014000551,6
1003000092000188,4
1008000086000155,4
1005000067000724,0
1008000028000900,3
1005000044000269,5
1005000033000410,6
1006000002000261,2
1005000044000085,5
1001000010000128,3
1008000028000245,7
1007000100000184,2
1009000027000473,7
1005000067000397,7
1003000092000281,4
1009000044000115,7
1006000002000163,0
1009000044000707,7
1009000014000606,6
1009000014000291,6
1009000027000201,7
1006000002000121,2
1007000126000182,0
1005000067000648,7
1009000044000240,7
1005000033000080,6
1006000002000231,2
1001000010000195,3
1007000100000502,5
1007000114000333,1
1005000067000472,7
1003000092000311,4
1009000027000461,7
1007000026000383,2
1007000114000263,7
1009000014000888,6
1009000057000296,6
1001000010000129,3
1009000014000904,6
1007000026000204,2
1009000057000923,6
1008000028001349,7
1003000092000200,5
1005000067000217,7
1005000033000279,6
1006000082000229,0
1009000014000935,6
1005000044000041,3
1009000014000280,6
1001000010000124,3
1005000067000563,7
1005000044000189,5
1006000082000141,0
1009000014000482,6
1009000027000266,7
1005000067000124,7
1008000028001014,7
1005000033000476,6
1009000014000408,6
1007000114000746,1
1005000033000250,6
1006000082000250,0
1003000092000093,4
1007000026000171,3
1008000028001324,7
1005000044000155,5
1005000067000313,7
1005000044000390,0
1007000026000224,3
1006000002000028,2
1007000099000407,2
1007000099000497,2
1009000027000474,7
1007000126000224,0
1003000092000294,4
1008000086000043,1
1009000014000998,6
1006000002000151,2
1005000044000346,5
1006000082000114,0
1007000126000412,0
1007000114000176,1
1007000026000148,2
1007000114000507,0
1005000067000639,7
1007000126000228,0
1009000044000978,2
1009000027000217,7
1005000067000484,7
1009000044000940,7
1007000114000238,2
1006000082000183,0
1006000002000007,0
1003000092000090,6
1008000028000382,4
1001000010000126,3
1007000114000325,1
1006000082000221,0
1009000057000312,6
1005000067000642,7
1008000086000063,4
1008000086000079,4
1008000086000042,4
1009000044000242,7
1007000114000762,1
1005000033000128,6
1007000114000247,2
1001000010000138,3
1007000114000317,0
1008000028000437,7
1001000010000202,3
1007000026000252,2
1006000082000124,0
1007000114000770,1
1006000082000043,0
1005000044000074,0
1009000014000898,6
1009000044000552,7
1009000044000376,7
1001000010000049,3
1009000014000499,6
1009000027000378,7
1008000086000147,6
1005000044000080,5
1007000126000065,0
1009000044000885,7
1006000002000190,0
1007000099000541,1
1009000044000322,7
1009000057000327,6
1008000028001082,7
1006000082000323,0
1001000010000095,3
1006000002000023,0
1007000099000527,2
1003000092000188,4
1009000014000762,6
1008000028001152,7
1003000092000178,4
1006000002000224,0
1001000010000141,3
1001000010000163,3
1009000027000308,7
1008000028001001,7
1007000114000121,2
1008000028001213,7
1009000014000185,4
1005000033000409,6
1007000100000424,4
1007000126000422,0
1008000086000069,2
1007000126000455,0
1006000082000302,0
1006000082000074,0
1006000002000079,0
1001000010000092,3
1005000044000271,5
1008000086000163,1
1008000028001077,3
1006000002000057,2
1005000044000293,5
1005000044000372,5
1007000099000603,2
1007000100000220,2
1009000044000101,7
1005000067000398,7
1001000010000166,3
1007000126000435,0
1006000082000204,0
1007000114000137,2
1009000014000091,6
1001000010000161,3
1005000044000105,5
1008000028000680,7
1006000002000159,0
1006000082000307,0
1007000126000383,0
1007000026000323,3
1003000092000293,6
1007000126000091,0
1005000044000071,5
1007000026000422,2
1005000044000190,5
1005000033000249,6
1006000002000210,5
1006000082000153,0
1007000100000211,3
1001000010000169,3
1009000014000407,6
1009000044000535,7
1001000010000059,3
1001000010000080,3
1005000044000110,5
1007000126000357,0
1005000067000402,7
1006000082000177,0
1006000082000036,0
1007000100000394,2
1007000099000470,2
1006000002000115,1
1005000044000324,5
1005000033000118,6
1001000010000040,3
1005000067000218,7
1008000086000143,4
1008000028001081,3
1005000067000647,7
1006000082000204,0
1001000010000218,3
1007000100000403,2
1001000010000189,3
1006000002000242,0
1009000027000429,7
1009000027000149,3
1008000086000053,4
1007000100000389,5
1007000100000464,4
1008000028001140,3
1007000026000235,2
1003000092000362,6
1008000086000165,4
1005000044000192,5
1009000057000317,6
1007000114000749,1
1009000057000935,6
1009000014000956,6
1009000014000820,6
1009000014000182,6
1009000014000737,6
1005000033000084,6
1005000067000129,7
1005000033000280,6
1005000044000165,5
1007000114000125,2
1001000010000201,3
1005000067000571,7
1007000126000435,0
1006000002000111,0
1007000126000460,0
1008000028000626,5
1007000126000385,0
1003000092000175,4
1007000026000241,2
1009000014000439,6
1005000067000394,7
1009000014000714,6
1007000126000279,0
1007000100000082,3
1005000067000214,7
1006000082000137,0
1005000067000564,7
1007000100000456,2
1005000067000474,7
1005000033000251,6
1009000014000680,6
1009000044001527,7
1007000126000346,0
1007000100000198,3
1007000100000289,2
1009000027000148,7
1007000100000314,3
1007000026000373,3
1007000114000116,2
1009000057000923,6
1005000044000056,5
1007000126000340,0
1001000010000173,3
1009000044000799,7
1006000002000239,2
1007000026000332,3
1005000067000481,7
1008000028000559,7
1001000010000135,3
1005000067000320,7
1008000086000093,1
1009000057000320,6
1007000100000225,2
1003000092000363,4
1008000028000763,7
1007000099000402,2
1009000044000324,7
1007000100000172,2
1005000044000072,5
1008000028001267,7
1009000044000515,7
1007000026000358,2
1005000033000267,6
1007000100000190,3
1006000002000030,2
1007000126000175,0
1009000027000451,2
1009000044001581,7
1005000033000271,4
1001000010000051,3
1001000010000142,3
1008000086000161,1
1007000100000324,4
1007000114000792,1
1005000033000256,6
1009000044000896,7
1009000044001439,7
1007000114000121,2
1001000010000213,3
1003000092000080,4
1001000010000144,3
1007000099000491,3
1005000033000071,6
1006000082000249,0
1005000067000314,7
1006000002000189,0
1009000027000190,7
1007000126000406,0
1009000027000378,7
1006000002000010,4
1007000100000375,6
1007000114000111,2
1008000086000121,1
1009000044000699,7
1008000086000151,6
1009000044000835,7
1008000086000106,4
1009000057000309,6
1001000010000169,3
1009000057000038,6
1009000027000381,7
1006000002000065,2
1009000057000058,6
1006000082000200,0
1007000114000320,1
1003000092000109,4
1005000067000302,7
1006000002000183,2
1007000100000075,4
1006000002000204,0
1006000002000004,2
1009000044000401,7
1009000057000935,6
1006000002000268,2
1008000086000141,4
1008000028000088,7
1007000126000176,0
1006000082000057,0
1008000028000393,7
1009000044001558,7
1006000002000268,2
1009000044001523,7
1007000026000246,2
1009000027000381,7
1006000002000018,0
1006000082000021,0
1009000044000223,7
1005000067000133,7
1005000033000412,6
1007000099000403,2
1007000099000457,1
1008000028000239,3
1005000067000311,7
1001000010000219,3
1007000099000599,3
1009000027000412,7
1008000086000053,5
1001000010000219,3
1006000002000192,2
1003000092000344,4
1005000067000638,7
1009000044000563,7
1008000028000221,7
1007000026000200,4
1009000044001351,7
1009000014000897,6
1006000002000110,0
1001000010000203,3
1005000067000206,7
1006000002000103,2
1009000057000292,6
1009000014000254,6
1006000002000090,2
1007000126000390,0
1009000014000199,6
1009000014000191,6
1006000082000069,0
1006000002000033,2
1007000026000233,3
1006000082000292,0
1006000082000258,0
1001000010000080,3
1009000014000215,6
1005000033000070,6
1006000002000120,5
1005000033000101,6
1007000026000382,2
1005000033000120,6
1009000027000069,7
1007000114000438,2
1009000057000325,6
1008000086000106,4
1008000086000152,4
1005000033000136,6
1007000114000756,1
1001000010000169,3
1007000100000396,2
1005000033000114,6
1005000033000070,6
1001000010000041,3
1009000044000709,7
1007000114000775,1
1005000033000427,6
1008000086000042,4
1007000126000188,0
1009000057000057,6
1009000057000931,6
1005000044000055,5
1005000067000547,7
1007000026000045,2
1007000126000375,0
1007000100000156,3
1003000092000341,3
1006000002000221,0
1007000126000437,0
1003000092000273,4
1007000100000212,3
1006000002000103,0
1005000044000064,5
1006000082000170,0
1009000057000934,6
1009000014000096,6
1009000044000912,7
1005000067000212,7
1007000100000469,2
1003000092000352,4
1009000044001416,7
1001000010000236,3
1007000100000504,2
1001000010000096,3
1009000044001388,7
1001000010000111,3
1008000086000162,1
1006000002000152,2
1007000100000297,2
1009000057000923,6
1009000044000264,7
1009000044000584,7
1007000100000397,2
1007000114000165,2
1006000082000262,0
1009000044000494,7
1007000099000490,1
1005000044000050,5
1005000044000218,5
1005000067000476,7
1003000092000292,4
1009000014000422,6
1008000028000763,5
1005000033000479,6
1009000044000501,7
1007000114000752,1
1007000126000142,0
1005000044000270,5
1005000033000134,6
1007000026000145,2
1003000092000085,4
1007000126000124,0
1007000114000787,1
1005000033000118,6
1007000126000229,0
1009000027000297,7
1009000057000945,6
1007000114000133,2
1009000044001282,7
1006000082000163,0
1005000044000066,5
1007000026000180,2
1009000057000308,6
1007000114000508,1
1009000057000937,6
1008000086000086,0
1005000033000081,6
1009000027000342,7
1008000028000848,3
1008000086000170,1
1007000099000533,4
1007000114000313,2
1007000114000170,0
1006000002000004,2
1009000014000419,6
1009000044001356,7
1003000092000251,4
1005000033000131,6
1007000100000371,3
1001000010000083,3
1007000126000224,0
1006000002000054,5
1007000126000465,0
1007000026000414,2
1009000044001480,3
1009000014000902,6
1009000027000175,7
1009000027000158,7
1009000044001490,7
1005000044000052,0
1009000027000125,7
1009000057000932,6
1007000114000139,2
1009000014000254,6
1009000044000826,7
1001000010000182,3
1005000044000296,5
1001000010000199,3
1009000044000324,7
1005000044000104,5
1008000028000072,7
1007000114000178,0
1006000002000122,2
1009000057000926,6
1007000114000165,1
1005000044000052,0
1009000057000921,6
1007000099000541,2
1007000100000453,2
1006000082000271,0
1009000014000209,6
1007000026000221,2
1008000028000964,3
1007000114000121,2
1008000086000092,4
1005000044000339,5
1005000067000487,7
1005000044000212,5
1007000114000256,2
1001000010000206,3
1007000026000166,3
1006000082000147,0
1008000028000117,3
1005000067000137,7
1008000086000050,6
1005000067000483,7
1007000126000198,0
1006000002000189,0
1009000044000793,7
1007000126000361,0
1006000082000020,0
1009000027000109,7
1008000028000082,7
1006000002000115,2
1006000082000079,0
1001000010000075,3
1005000033000270,6
1007000100000086,4
1009000044001444,7
1007000100000498,6
1009000014000675,6
1001000010000225,3
1009000027000375,7
1007000099000611,2
1009000027000320,7
1003000092000214,4
1005000044000208,0
1008000028000896,7
1005000033000282,6
1009000044001081,7
1007000114000765,1
1001000010000137,3
1009000027000092,7
1009000014000132,6
1008000028000538,7
1009000044001366,7
1005000067000641,7
1006000082000090,0
1009000057000926,6
1008000028000090,7
1007000026000336,2
1009000014000478,6
1007000100000369,3
1001000010000107,3
1009000044000931,7
1005000067000121,7
1009000044000940,7
1009000014000855,6
1008000086000070,4
1007000099000598,4
1006000002000110,0
1007000099000400,2
1007000100000072,3
1007000026000315,2
1008000028000975,7
1005000067000303,7
1007000126000487,0
1008000086000077,4
1009000057000932,6
1007000114000271,7
1006000002000230,0
1009000027000189,7
1009000014000513,6
1009000014000420,6
1001000010000143,3
1003000092000319,3
1007000026000040,2
1008000086000149,4
1008000028000181,7
1009000027000431,7
1007000026000380,2
1009000044000409,7
1009000044000691,7
1008000028000202,4
1007000114000431,2
1009000044000377,7
1007000126000128,0
1007000100000471,1
1008000086000111,6
1008000028000333,7
1003000092000224,3
1007000100000229,2
1006000082000322,0
1006000002000152,5
1009000044000450,7
1007000100000504,2
1007000114000345,1
1005000067000721,7
1007000026000344,2
1007000099000539,2
1009000014000767,6
1007000126000274,0
1006000002000225,0
1007000114000137,1
1006000002000114,0
1006000002000163,0
1008000086000065,4
1009000014000545,6
1009000057000321,6
1003000092000197,4
1009000027000312,7
1007000026000377,2
1009000044000151,2
1007000100000290,2
1007000099000491,3
1007000114000279,3
1005000067000127,7
1003000092000093,4
1009000044000875,3
1008000028000177,7
1006000002000173,5
1008000028000701,7
1007000114000317,2
1005000044000194,5
1009000014000426,6
1003000092000108,4
1001000010000062,3
1005000044000096,5
1009000027000458,7
1005000044000088,5
1009000057000921,6
1009000027000253,7
1008000028000575,7
1008000028001086,7
1009000044000644,7
1007000026000337,2
1009000014000248,6
1009000044000119,7
1007000114000117,3
1007000099000403,2
1009000044000596,7
1007000126000129,0
1008000028000904,7
1007000114000340,1
1006000082000222,0
1007000099000462,2
1005000067000549,7
1003000092000252,4
1009000014000227,6
1007000126000432,0
1006000082000299,0
1006000082000230,0
1007000114000276,2
1005000044000320,5
1005000044000366,5
1005000033000098,6
1007000114000136,2
1009000057000316,6
1006000082000144,0
1007000099000398,2
1006000082000190,0
1008000028000982,7
1006000082000053,0
1001000010000217,3
1005000067000563,7
1006000002000042,0
1007000114000124,2
1008000086000178,4
1005000033000245,6
1009000014001049,6
1007000126000453,0
1001000010000235,3
1008000028000236,7
1009000044000669,7
1007000026000170,2
1009000014000482,6
1007000099000457,4
1006000002000157,0
1009000014000619,6
1008000028000408,7
1008000028000044,7
1001000010000155,3
1005000067000214,7
1005000067000141,7
1001000010000084,3
1009000014000622,6
1008000086000111,1
1009000014000211,6
1005000067000720,7
1005000067000561,7
1008000086000093,4
1009000014000274,6
1005000067000204,7
1007000114000168,1
1005000033000287,6
1009000027000357,7
1006000002000052,0
1007000114000278,2
1005000067000479,7
1006000002000201,3
1006000082000265,0
1005000044000294,5
1007000099000605,2
1007000126000378,0
1006000082000260,0
1008000086000116,1
1009000057000933,6
1005000033000069,6
1009000027000140,3
1005000044000246,5
1008000086000063,4
1006000082000224,0
1005000067000321,7
1009000044001562,7
1008000028000817,7
1003000092000249,4
1007000114000110,2
1006000082000083,0
1007000126000485,0
1009000014001004,6
1003000092000204,3
1009000057000308,6
1009000027000314,7
1009000027000112,7
1006000002000172,2
1006000002000260,2
1006000082000273,0
1007000026000262,3
1005000067000713,7
1009000014000554,6
1009000044000440,7
1005000044000041,5
1007000100000073,1
1005000067000711,7
1009000057000055,6
1003000092000077,4
1008000086000112,3
1007000126000392,0
1008000028000205,7
1005000067000204,7
1009000057000943,6
1005000044000092,5
1006000082000314,0
1007000099000603,2
1007000100000302,5
1007000126000147,0
1005000044000344,5
1005000067000480,7
1008000028000416,7
1008000086000140,6
1006000002000130,0
1006000082000164,0
1006000002000202,0
1007000126000393,0
1006000002000064,2
1005000033000110,6
1006000002000026,5
1007000114000235,2
1006000002000011,0
1007000026000257,3
1009000027000108,7
1007000100000453,2
1007000100000366,3
1006000002000101,2
1009000027000105,7
1007000099000384,3
1006000002000259,0
1007000114000271,2
1007000100000159,5
1009000044001178,7
1007000114000764,1
1007000114000509,2
1007000126000125,0
1008000086000155,6
1003000092000080,4
1006000082000177,0
1007000026000256,2
1006000082000093,0
1006000002000191,2
1006000082000208,0
1006000082000070,0
1001000010000172,3
1006000082000221,0
1008000086000091,4
1007000100000278,3
1009000027000146,7
1009000014000424,6
1007000100000435,3
1007000100000442,5
1009000057000304,6
1007000114000118,2
1008000028001275,3
1007000026000312,2
1009000057000057,6
1007000114000430,2
1009000027000236,7
1008000028000545,7
1007000100000300,1
1003000092000249,4
1009000044000773,7
1008000086000047,4
1009000044001172,7
1005000044000298,0
1006000002000108,0
1007000114000126,2
1005000044000040,2
1007000099000537,1
1008000028000479,7
1008000028000124,7
1009000014000806,6
1009000044000928,7
1005000044000245,5
1007000114000752,1
1009000014000728,6
1005000067000393,7
1006000082000070,0
1005000067000547,7
1007000114000334,1
1009000057000319,6
1007000100000222,2
1001000010000140,7
1007000126000269,0
1005000067000728,7
1008000028001026,4
1009000044001212,7
1007000126000312,0
1007000114000321,1
1003000092000117,4
1003000092000187,4
1005000033000242,6
1006000082000124,0
1009000014001045,6
1007000026000229,3
1005000067000564,7
1005000067000396,7
1005000067000303,7
1001000010000083,3
1009000014000770,6
1009000057000039,6
1005000033000082,6
1007000100000074,4
1007000114000338,0
1007000114000106,2
1009000044001291,7
1001000010000136,3
1005000067000131,7
1005000044000033,3
1006000002000018,2
1009000057000041,6
1007000026000239,5
1008000086000126,4
1006000002000219,0
1009000014000568,6
1009000057000294,6
1007000100000287,2
1005000067000482,7
1007000100000115,2
1009000014000797,6
1007000126000236,0
1006000002000108,1
1007000026000241,2
1009000057000917,6
1005000044000243,4
1005000044000367,5
1009000014000242,6
1007000126000227,0
1008000086000137,1
1007000100000419,5
1003000092000101,4
1009000014000775,6
1009000027000333,7
1005000044000131,5
1006000002000004,2
1007000100000314,4
1008000028000492,7
1009000027000435,7
1007000100000376,3
1008000086000089,6
1007000026000315,2
1009000014000492,6
1005000044000182,0
1007000114000181,1
1003000092000185,5
1005000044000087,5
1003000092000175,4
1009000027000409,7
1009000027000392,7
1008000028000962,4
1006000002000250,0
1009000057000312,4
1005000044000389,5
1005000067000225,7
1009000014000695,6
1006000082000201,0
1009000027000324,7
1008000086000175,4
1001000010000163,3
1005000067000144,7
1007000026000184,2
1009000027000291,7
1007000126000410,0
1006000082000142,0
1009000014000482,6
1005000044000075,5
1007000026000352,2
1009000027000078,7
1009000014000711,6
1005000067000135,7
1007000026000234,3
1005000067000569,7
1009000014000264,6
1009000014000266,6
1007000026000220,2
1001000010000196,3
1007000126000140,0
1009000044000302,7
1007000100000276,4
1007000126000169,0
1009000027000467,7
1003000092000195,6
1009000014000872,6
1006000082000066,0
1007000114000435,2
1007000114000504,1
1001000010000060,3
1009000014000409,6
1005000033000124,6
1001000010000089,3
1008000086000169,4
1005000067000303,3
1009000044001145,7
1009000044001406,7
1006000082000198,0
1009000044000551,7
1005000044000288,5
1007000026000233,3
1009000027000186,7
1009000014000454,6
1003000092000189,4
1006000002000260,2
1007000114000766,1
1005000044000236,5
1009000027000136,7
1007000026000154,2
1009000027000135,7
1007000100000124,2
1008000028000342,7
1007000026000236,3
1009000027000418,7
1009000014000259,6
1008000028000813,7
1006000002000113,0
1006000082000197,0
1008000028000215,3
1005000067000647,7
1007000026000221,2
1009000014000524,6
1007000126000124,0
1009000044000416,7
1007000126000100,0
1009000027000387,7
1009000044000604,7
1008000028001259,4
1009000014000867,6
1009000057000301,6
1001000010000139,3
1009000044000198,4
1008000028000479,7
1009000044000668,7
1007000100000475,3
1007000126000142,0
1008000086000085,4
1003000092000077,4
1008000028001277,7
1007000114000509,1
1007000026000334,4
1003000092000210,4
1007000026000325,2
1007000026000178,4
1001000010000111,3
1009000027000361,7
1006000082000324,0
1007000114000430,2
1008000086000119,4
1005000044000092,5
1005000067000130,7
1005000067000486,7
1008000028000731,7
1006000002000097,0
1005000067000228,7
1009000014000993,6
1007000114000118,0
1009000044001202,7
1007000126000105,0
1003000092000177,4
1007000114000300,7
1006000002000236,1
1007000114000236,2
1008000086000063,4
1009000027000175,7
1009000027000070,7
1007000100000203,3
1007000114000762,1
1009000027000137,7
1003000092000217,4
1008000086000175,4
1007000100000428,5
1005000067000387,7
1005000067000716,7
1006000002000012,0
1003000092000090,6
1007000126000368,0
1005000033000413,6
1008000086000145,4
1007000026000209,2
1009000027000313,7
1005000067000472,7
1005000067000391,7
1001000010000080,3
1009000014000772,6
1003000092000078,6
1007000100000463,2
1006000002000227,2
1007000026000234,3
1001000010000067,3
1007000099000614,2
1003000092000081,4
1005000067000291,3
1006000082000154,0
1001000010000226,3
1007000114000290,2
1007000126000088,0
1007000100000211,1
1009000057000932,6
1006000082000314,0
1007000126000420,0
1007000126000474,0
1005000033000076,6
1005000033000069,6
1001000010000224,3
1007000126000195,0
1003000092000182,4
1006000082000290,0
1005000044000191,5
1009000044000629,7
1007000099000398,2
1009000057000305,6
1001000010000099,3
1009000044000700,7
1008000028000646,3
1007000114000240,2
1007000126000264,0
1008000028000463,7
1001000010000109,3
1005000044000104,5
1005000067000402,7
1008000028000500,7
1007000100000502,2
1005000067000554,7
1005000044000324,5
1007000100000212,3
1009000044000954,7
1009000014000917,6
1005000044000389,5
1007000114000112,2
1009000027000349,7
1006000002000006,2
1007000099000388,3
1003000092000311,4
1007000114000345,1
1007000026000207,2
1007000100000391,2
1006000082000287,0
1008000028000777,4
1007000100000118,2
1005000044000208,5
1006000082000092,0
1007000126000221,0
1007000099000541,1
1009000014000226,6
1005000033000277,6
1005000067000302,7
1007000114000256,7
1008000028000434,7
1007000026000174,2
1005000044000054,2
1005000033000415,6
1009000044000428,7
1001000010000224,3
1007000026000259,2
1009000027000476,7
1008000086000049,6
1007000126000490,0
1001000010000054,3
1005000067000319,7
1005000044000081,5
1009000057000302,6
1008000028000166,7
1007000126000328,0
1009000044001588,7
1009000027000085,7
1009000044000267,7
1007000100000383,1
1009000027000433,7
1001000010000115,3
1007000126000326,0
1007000026000400,2
1005000044000102,5
1007000100000097,3
1003000092000184,6
1006000002000126,0
1003000092000293,4
1007000126000168,0
1005000044000049,5
1009000044001466,7
1009000057000939,6
1008000086000060,4
1003000092000281,4
1009000027000150,7
1001000010000051,3
1003000092000280,4
1009000014000621,6
1007000100000145,3
1007000026000325,2
1009000044000863,7
1001000010000102,3
1007000114000135,2
1005000044000385,5
1006000002000191,2
1005000044000212,5
1007000026000422,2
1007000100000223,2
1007000100000330,4
1006000002000163,2
1009000044000357,7
1005000044000167,5
1007000100000131,3
1009000027000466,7
1003000092000293,4
1001000010000083,3
1005000067000548,7
1006000082000284,0
1006000002000206,2
1005000067000226,7
1001000010000099,3
1003000092000283,6
1009000027000219,7
1007000026000158,3
1007000026000349,2
1006000002000266,2
1006000002000156,5
1008000086000102,4
1007000100000084,2
1001000010000159,3
1009000044001060,7
1009000027000250,7
1008000086000096,4
1008000086000169,4
1005000067000207,7
1009000014000451,6
1005000033000412,6
1007000100000196,3
1007000126000063,0
1007000100000346,2
1007000026000372,2
1001000010000216,3
1009000014000228,6
1007000114000322,2
1007000114000769,1
1005000033000287,6
1007000099000405,2
1007000114000124,2
1007000126000356,0
1005000044000083,5
1009000027000417,7
1007000026000309,2
1009000044001485,7
1009000027000231,7
1009000044000319,7
1006000082000193,0
1005000033000273,6
1005000044000088,5
1003000092000184,4
1009000014000165,6
1003000092000254,4
1005000067000550,7
1007000026000378,2
1005000033000412,6
1005000044000372,5
1001000010000178,3
1007000100000327,3
1003000092000272,4
1001000010000189,3
1005000067000634,7
1009000014000474,6
1005000044000153,2
1005000067000137,7
1009000027000420,7
1007000026000308,2
1009000044000219,7
1009000044000553,7
1009000027000128,7
1003000092000310,4
1009000044000551,7
1003000092000324,4
1005000067000474,7
1009000057000034,6
1001000010000126,3
1005000044000210,5
1005000044000091,5
1007000126000056,0
1007000026000376,2
1005000067000389,7
1009000044001363,7
1009000027000456,7
1005000067000548,7
1006000002000211,2
1009000044001129,7
1009000057000940,6
1006000002000142,2
1008000028000881,7
1007000099000399,2
1001000010000165,3
1007000099000400,2
1007000100000096,3
1007000114000136,2
1007000026000341,2
1007000026000360,2
1007000026000226,3
1007000126000235,0
1007000114000312,1
1009000014000245,6
1006000002000250,0
1009000027000201,7
1007000099000615,2
1001000010000165,3
1009000027000168,7
1001000010000125,3
1008000086000091,6
1005000067000226,7
1005000033000283,6
1005000044000388,5
1009000057000325,6
1007000026000235,2
1009000044000417,7
1007000114000124,2
1007000126000126,0
1009000014000709,6
1001000010000156,3
1006000082000243,0
1007000099000535,1
1006000002000143,5
1009000014000878,6
1006000082000122,0
1008000086000137,4
1006000082000178,0
1007000100000448,2
1007000114000304,2
1006000002000115,5
1005000033000277,6
1007000126000060,0
1009000044001545,7
1009000014000168,6
1006000002000053,5
1003000092000295,7
1009000014000133,6
1007000126000066,0
1009000044000168,7
1007000114000428,2
1006000002000203,5
1009000014000594,6
1007000126000435,0
1007000126000257,0
1009000014000104,6
1009000044000298,7
1007000126000333,0
1001000010000145,7
1008000086000120,4
1007000126000278,0
1007000114000337,1
1005000067000708,7
1007000026000199,2
1005000044000046,5
1005000044000038,0
1007000100000492,3
1007000114000747,1
1009000027000117,7
1005000044000372,5
1009000044000605,7
1003000092000098,4
1003000092000193,4
1007000126000337,0
1008000028000535,7
1009000044001235,7
1005000044000096,5
1007000100000072,3
1003000092000121,4
1007000100000388,5
1007000100000199,3
1007000100000136,3
1005000033000131,6
1003000092000311,4
1009000027000174,7
1008000028000904,3
1007000026000160,2
1007000114000110,2
1005000033000071,6
1005000067000215,7
1007000026000213,2
1009000057000049,6
1009000044001076,7
1005000044000045,0
1009000014000319,6
1009000027000146,7
1007000100000409,2
1007000126000334,0
1003000092000297,4
1007000100000472,2
1001000010000187,3
1008000028000093,7
1007000114000160,1
1008000028000507,7
1007000126000438,0
1008000086000161,6
1009000014001050,6
1001000010000085,3
1006000002000204,1
1008000086000139,4
1009000044001562,7
1007000114000169,1
1009000014000124,6
1005000044000218,5
1009000044000673,7
1005000067000712,7
1007000126000392,0
1006000082000158,0
1008000028001012,7
1007000126000046,0
1007000026000334,3
1007000026000423,2
1003000092000084,4
1007000114000779,1
1008000028000969,3
1003000092000279,4
1006000082000240,0
1007000100000179,2
1009000044000959,7
1005000067000228,7
1009000044000273,7
1005000033000075,6
1009000057000050,6
1009000057000926,6
1006000082000164,0
1009000057000304,6
1005000067000712,7
1008000086000063,1
1009000044000772,7
1007000100000171,2
1003000092000289,4
1001000010000206,3
1007000114000239,2
1007000114000317,1
1007000126000320,0
1007000100000365,3
1009000014000313,6
1007000114000301,7
1005000067000137,7
1009000027000151,7
1005000067000635,7
1007000114000755,1
1001000010000223,3
1006000082000282,0
1001000010000191,3
1007000026000167,3
1009000014000192,6
1003000092000097,4
1005000044000245,5
1005000033000265,6
1003000092000102,4
1008000086000111,4
1005000033000067,6
1006000082000126,0
1006000002000085,2
1005000044000342,5
1006000002000192,0
1006000082000274,0
1007000100000316,3
1006000002000107,0
1005000044000080,5
1009000044000640,7
1008000086000127,1
1003000092000122,4
1007000126000202,0
1003000092000281,6
1007000099000532,3
1005000044000065,5
1005000044000191,5
1001000010000226,3
1008000086000048,4
1007000126000216,0
1009000044001045,7
1007000100000282,2
1006000082000024,0
1003000092000298,4
1008000086000065,6
1007000126000484,0
1009000027000419,7
1009000014000351,6
1009000027000376,7
1005000033000264,6
1008000028000725,3
1001000010000170,3
1006000082000207,0
1005000067000641,7
1007000126000443,0
1005000033000071,6
1006000002000081,0
1007000114000304,7
1005000033000264,6
1008000028001207,3
1008000028000656,3
1009000027000256,7
1006000002000162,0
1006000082000287,0
1007000114000434,3
1009000014000885,6
1008000028000640,3
1008000086000061,4
1007000099000538,5
1009000027000135,7
1006000082000282,0
1006000082000264,0
1003000092000169,4
1005000044000077,5
1007000126000406,0
1007000026000400,5
1001000010000084,3
1007000126000065,0
1007000126000304,0
1006000002000216,2
1007000100000387,2
1001000010000070,3
1007000026000160,2
1009000044000211,7
1006000082000051,0
1007000100000132,1
1007000026000311,2
1007000100000074,5
1007000026000255,2
1006000082000157,0
1001000010000199,3
1007000026000432,2
1007000026000366,2
1009000044001437,7
1007000026000364,3
1009000044001424,7
1008000028001306,7
1009000014000184,6
1009000027000475,7
1009000014000658,6
1009000044000231,7
1006000082000033,0
1009000027000183,7
1009000027000131,7
1001000010000107,3
1008000028000343,7
1007000026000199,2
1007000100000370,6
1007000099000457,5
1007000114000112,2
1005000044000057,5
1007000126000133,0
1008000086000122,1
1007000026000393,2
1005000044000291,5
1006000082000125,0
1007000100000275,2
1008000086000158,1
1003000092000271,4
1007000100000126,1
1009000014000957,6
1009000057000046,6
1001000010000163,3
1009000027000146,7
1009000057000295,6
1005000044000053,5
1005000044000097,5
1007000126000046,0
1001000010000124,3
1007000099000385,3
1007000126000218,0
1008000086000170,4
1009000044001399,7
1007000100000389,2
1009000044001304,7
1009000027000246,7
1009000014000936,6
1005000044000218,0
1009000027000327,7
1005000033000272,6
1009000027000144,7
1009000027000451,7
1007000099000492,2
1009000027000240,7
1006000082000271,0
1001000010000087,3
1003000092000294,4
1007000099000405,2
1008000086000065,4
1008000028001168,7
1009000044001523,7
1007000026000322,2
1007000026000157,2
1001000010000046,3
1007000099000474,2
1007000126000345,0
1007000126000475,0
1007000026000370,2
1008000028001230,3
1001000010000156,3
1005000044000158,5
1007000100000327,6
1006000002000107,0
1009000044001345,7
1009000044000726,7
1009000014000559,1
1007000099000386,3
1005000044000391,5
1008000086000100,4
1007000114000779,1
1008000086000102,1
1009000014000585,6
1007000026000175,3
1001000010000096,3
1005000033000255,6
1007000026000258,2
1007000026000043,2
1007000026000255,2
1009000014000724,6
1005000033000075,6
1006000082000272,0
1009000044001361,7
1003000092000203,6
1009000044001470,7
1007000100000216,5
1007000114000238,2
1007000126000459,0
1009000057000065,6
1005000067000144,7
1006000082000261,0
1008000028001282,7
1007000099000497,3
1007000099000599,2
1007000099000598,5
1006000082000167,0
1005000033000110,6
1009000027000225,7
1009000027000213,7
1001000010000143,3
1005000044000068,5
1007000099000537,3
1007000100000451,2
1005000033000072,6
1007000026000405,2
1007000114000169,0
1007000114000422,2
1009000014000532,6
1007000100000345,2
1001000010000195,3
1003000092000106,4
1007000100000347,2
1003000092000359,4
1005000033000125,6
1001000010000096,3
1007000126000305,0
1005000044000081,5
1008000086000070,4
1005000044000191,5
1009000014000970,6
1007000100000194,3
1006000082000028,0
1006000002000043,0
1005000033000074,6
1007000126000310,0
1009000027000456,7
1006000082000065,0
1003000092000290,4
1006000002000112,2
1005000033000094,6
1007000026000348,2
1009000057000920,6
1009000014000290,6
1009000027000440,7
1008000086000092,6
1006000002000137,0
1006000082000245,0
1006000082000146,0
1009000027000414,7
1001000010000083,3
1006000082000140,0
1009000014001007,6
1009000044001281,3
1008000086000044,4
1008000028000876,7
1008000028000740,4
1009000014000373,6
1006000002000193,0
1007000026000046,2
1008000028000480,7
1006000082000201,0
1003000092000255,4
1005000044000337,0
1007000114000162,1
1007000114000246,2
1007000099000397,2
1007000126000322,0
1007000100000076,4
1006000002000248,0
1007000126000070,0
1001000010000219,3
1005000044000048,0
1009000027000108,7
1001000010000106,3
1008000028000559,7
1007000099000464,2
1003000092000188,4
1009000014000282,6
1009000027000070,7
1001000010000130,3
1007000114000778,1
1008000086000100,6
1009000044000347,7
1007000026000425,2
1007000100000428,4
1005000044000036,3
1007000100000380,3
1005000044000210,0
1006000002000089,2
1008000028000244,7
1007000099000541,2
1008000086000041,4
1001000010000108,3
1001000010000043,3
1007000099000487,2
1009000014001025,6
1005000044000165,5
1007000126000297,0
1005000044000267,0
1008000086000103,4
1007000026000375,2
1007000100000136,3
1005000044000207,5
1005000067000289,7
1007000126000335,0
1007000114000346,2
1005000067000719,7
1005000033000079,6
1009000044000502,7
1009000044000101,7
1008000028001251,3
1007000126000047,0
1009000057000065,6
1006000082000239,0
1009000057000045,6
1009000057000301,6
1009000057000937,6
1009000057000324,6
1006000082000052,0
1007000026000042,2
1007000126000383,0
1005000067000557,7
1005000067000639,7
1009000027000469,7
1003000092000198,6
1009000014000300,6
1009000044001514,7
1007000114000232,2
1005000067000231,7
1007000114000753,1
1003000092000345,4
1009000057000039,6
1006000082000276,0
1006000082000253,0
1005000067000215,7
1009000014000824,6
1009000027000071,7
1006000002000047,2
1007000114000249,2
1006000082000207,0
1009000044000386,7
1007000026000234,3
1009000014000456,6
1009000027000475,7
1007000114000128,2
1005000067000126,7
1007000126000037,0
1006000002000031,2
1007000126000273,0
1008000086000119,4
1007000026000216,3
1006000082000028,0
1009000057000324,6
1001000010000190,3
1008000028000557,3
1009000044000836,7
1003000092000109,4
1007000099000384,3
1007000126000129,0
1008000028000772,7
1005000044000207,5
1001000010000155,3
1008000028001205,7
1007000126000269,0
1007000026000221,3
1007000100000303,1
1007000100000413,3
1007000026000363,2
1007000114000304,2
1008000028000578,7
1003000092000363,4
1009000057000066,6
1005000033000111,6
1007000026000309,2
1007000114000509,1
1006000082000018,0
1001000010000234,3
1009000027000363,7
1009000044001202,7
1009000014000739,6
1007000026000246,2
1009000044000729,7
1006000002000227,0
1009000044000644,7
1005000044000074,5
1007000114000337,0
1007000114000431,2
1009000057000319,6
1007000100000406,2
1009000044000657,7
1007000099000402,2
1005000044000210,5
1009000044000097,7
1001000010000050,3
1006000002000206,2
1009000027000415,7
1008000028000711,7
1007000026000250,2
1007000026000326,3
1006000002000094,2
1009000014000688,6
1006000082000069,0
1005000044000314,5
1007000100000227,2
1009000044000533,7
1006000002000142,2
1007000100000483,2
1007000026000165,3
1007000114000068,2
1001000010000158,3
1006000002000026,0
1001000010000208,3
1006000002000208,5
1006000082000078,0
1006000082000067,0
1007000114000747,1
1007000100000222,2
1005000044000070,5
1007000099000386,3
1006000082000316,0
1007000026000238,2
1007000114000790,1
1007000026000233,3
1005000033000108,4
1007000026000159,2
1007000126000151,0
1009000057000065,6
1007000126000423,0
1009000057000050,6
1003000092000195,4
1006000082000117,0
1009000044001003,7
1009000044000934,7
1007000114000439,2
1009000014001038,4
1005000033000255,6
1008000086000078,0
1007000126000365,0
1007000026000356,2
1005000044000298,5
1006000082000319,0
1008000086000077,4
1006000002000122,5
1008000028001031,7
1007000126000467,0
1005000067000306,7
1008000028000916,7
1009000014000345,6
1006000082000276,0
1003000092000110,4
1003000092000268,4
1007000026000390,2
1003000092000119,4
1009000027000195,7
1005000033000135,6
1001000010000225,3
1009000044000259,7
1007000126000434,0
1006000002000070,0
1008000086000053,6
1009000044001326,7
1008000028000179,7
1009000014000646,6
1007000026000046,2
1007000100000092,4
1007000114000255,2
1003000092000089,4
1007000100000378,4
1009000057000919,6
1005000033000089,6
1006000082000038,0
1005000033000414,4
1008000086000051,4
1005000044000237,5
1007000126000425,0
1007000114000752,1
1006000082000289,0
1008000086000056,4
1009000027000363,7
1008000028000539,7
1001000010000163,3
1006000082000103,1
1009000014000770,6
1008000028001338,7
1009000014000914,6
1007000026000393,2
1007000114000117,0
1005000044000339,5
1009000057000950,6
1007000126000152,0
1006000002000128,0
1008000028001188,7
1005000067000402,7
1007000100000131,3
1007000100000164,2
1009000044000367,7
1009000027000295,7
1006000002000126,2
1007000100000396,2
1007000114000294,2
1009000027000407,7
1007000126000240,0
1003000092000215,4
1005000033000275,6
1009000014000657,6
1009000057000046,6
1007000026000318,2
1006000082000161,0
1007000026000170,3
1008000086000178,4
1007000126000095,0
1009000044000731,7
1007000026000164,3
1009000057000053,6
1006000082000089,0
1005000044000072,5
1008000028001227,3
1005000067000564,7
1007000026000234,3
1009000014001026,6
1005000033000094,6
1006000002000191,0
1007000100000168,2
1007000126000122,0
1005000033000250,6
1005000067000227,7
1009000057000940,6
1009000014001017,6
1008000028001216,7
1009000014000876,6
1007000026000237,2
1006000082000161,0
1009000027000401,7
1009000014000811,6
1008000086000162,4
1008000028000662,4
1003000092000188,5
1003000092000365,4
1007000114000766,1
1005000044000163,5
1008000028000659,4
1007000100000364,1
1005000044000130,5
1008000028000219,7
1005000033000272,6
1007000114000256,2
1006000002000037,2
1009000027000444,7
1007000100000134,3
1007000026000429,2
1008000086000083,4
1009000057000951,6
1008000028001267,7
1001000010000218,3
1005000067000384,7
1008000028001062,7
1006000002000024,0
1009000027000215,7
1005000033000281,6
1008000028000541,7
1007000126000163,0
1001000010000160,3
1008000028000340,7
1009000044001555,7
1007000126000294,0
1005000067000472,7
1008000086000081,4
1009000057000304,6
1007000026000243,2
1006000082000168,0
1001000010000101,3
1007000026000362,2
1007000114000154,0
1005000033000285,6
1009000014000498,6
1006000002000232,0
1007000126000452,0
1001000010000190,3
1007000100000295,2
1005000044000388,5
1009000027000114,7
1001000010000186,3
1005000067000302,3
1001000010000053,3
1001000010000179,3
1005000067000639,7
1007000126000145,0
1005000044000062,5
1009000014000811,6
1009000044000465,7
1005000033000267,6
1007000126000490,0
1003000092000276,4
1006000082000170,0
1008000028001217,3
1007000126000210,0
1008000028000601,7
1005000044000245,5
1005000067000207,7
1005000067000298,7
1005000067000387,7
1005000067000287,7
1007000100000384,1
1009000027000442,7
1007000100000225,2
1008000028000614,3
1008000028000884,7
1005000033000120,6
1009000057000916,6
1007000100000070,4
1005000033000103,6
1007000026000261,2
1009000014000901,6
1003000092000298,6
1005000044000032,3
1005000044000069,5
1008000028000960,7
1007000026000355,2
1003000092000280,6
1005000044000372,5
1005000067000635,7
1008000086000125,6
1009000014000413,6
1009000027000207,7
1007000099000496,3
1001000010000222,3
1005000033000138,6
1006000002000043,0
1007000099000384,3
1009000014000926,6
1001000010000177,3
1005000044000101,5
1009000027000414,7
1007000100000173,2
1005000044000235,5
1008000028001055,4
1009000057000293,6
1006000082000042,0
1009000014000404,6
1005000067000718,7
1009000014000335,6
1007000114000319,4
1007000100000403,2
1009000044000677,7
1005000044000105,5
1007000099000614,2
1009000027000124,7
1006000002000014,0
1005000033000127,6
1006000082000038,0
1008000086000048,4
1005000033000247,6
1007000100000217,2
1005000044000181,5
1006000002000079,2
1006000002000006,2
1001000010000176,3
1009000014000373,6
1007000100000189,2
1006000002000190,0
1003000092000254,4
1005000033000131,6
1007000100000509,2
1006000082000226,0
1001000010000129,3
1007000026000259,2
1007000026000044,2
1005000033000270,6
1009000027000399,7
1007000026000311,2
1007000114000167,1
1006000082000191,0
1003000092000366,6
1008000028000491,7
1005000044000132,5
1007000099000457,6
1009000014000404,6
1009000014000308,6
1007000026000242,2
1007000114000750,1
1005000067000125,7
1001000010000186,3
1007000100000116,2
1008000086000142,6
1006000082000235,0
1009000014000580,6
1009000027000450,7
1001000010000166,3
1009000044000413,7
1007000100000491,3
1005000033000266,6
1007000026000404,2
1007000100000110,2
1003000092000286,4
1007000126000087,0
1006000002000150,5
1007000126000220,0
1007000126000264,0
1003000092000087,6
1009000027000143,7
1005000067000295,7
1006000082000036,0
1007000100000367,3
1001000010000047,3
1001000010000067,3
1006000082000056,0
1006000002000168,2
1007000126000255,0
1006000002000051,0
1007000100000306,3
1003000092000123,4
1007000100000289,2
1001000010000058,3
1005000044000297,5
1006000082000041,0
1005000067000219,7
1008000028000993,7
1005000044000041,3
1001000010000199,3
1006000082000085,0
1005000033000424,4
1007000126000487,0
1007000100000502,6
1003000092000106,4
1009000027000289,7
1005000033000420,6
1007000126000064,0
1006000082000299,0
1001000010000137,3
1007000114000437,2
1007000114000327,1
1007000114000337,1
1009000027000236,7
1005000044000272,5
1008000028000812,7
1003000092000299,4
1009000014000262,6
1007000114000345,1
1005000033000269,6
1007000126000369,0
1005000033000111,6
1006000082000139,0
1007000114000149,1
1007000026000224,2
1009000014001058,6
1007000026000154,2
1007000026000314,2
1007000026000403,2
1009000057000056,6
1005000044000192,5
1009000014001009,6
1007000126000485,0
1005000067000641,0
1001000010000088,3
1007000100000193,3
1007000126000247,0
1009000044001209,7
1007000126000276,0
1005000044000194,0
1007000026000326,3
1009000014000171,6
1007000126000197,0
1007000126000133,0
1005000067000640,7
1009000027000275,7
1006000082000160,0
1005000033000419,6
1008000028001214,7
1001000010000083,3
1007000099000532,3
1008000028000734,7
1006000082000174,0
1007000100000083,4
1006000002000047,2
1009000027000324,7
1007000126000142,0
1009000027000187,7
1007000026000349,2
1005000044000340,5
1008000028001160,7
1005000044000064,5
1001000010000171,3
1007000114000154,0
1005000044000211,5
1009000014001058,6
1008000028000605,3
1007000126000478,0
1007000099000408,2
1006000002000009,0
1009000044000909,7
1009000057000927,6
1007000026000260,2
1006000082000228,0
1003000092000085,4
1003000092000201,4
1008000028000077,7
1005000067000229,7
1007000114000783,1
1007000026000218,3
1005000044000099,5
1009000044000654,7
1005000067000714,7
1009000027000404,7
1007000114000135,2
1005000033000115,6
1007000099000527,2
1009000027000323,0
1007000114000155,1
1006000082000226,0
1009000027000085,7
1001000010000094,3
1007000026000331,3
1009000014000174,6
1007000114000234,2
1007000026000039,3
1007000114000154,1
1006000002000183,5
1009000027000277,7
1007000114000773,1
1006000082000212,0
1007000126000247,0
1005000067000385,7
1006000002000185,2
1003000092000271,4
1008000086000107,4
1009000044000896,7
1005000067000286,7
1007000126000166,0
1007000100000465,2
1003000092000157,3
1009000027000173,7
1006000002000023,0
1003000092000270,4
1005000067000484,7
1007000100000081,3
1006000002000098,0
1009000027000395,7
1008000028001035,3
1005000067000556,7
1007000100000456,2
1005000067000123,7
1008000028001045,7
1007000099000397,2
1005000044000102,5
1009000027000452,7
1006000002000141,0
1007000100000439,2
1005000033000120,6
1009000044001146,7
1005000033000411,6
1008000028000632,7
1007000099000539,2
1008000028001128,7
1009000044001523,7
1005000044000056,5
1009000044000818,7
1007000114000179,1
1003000092000363,4
1005000067000294,7
1009000057000032,6
1009000014000171,6
1005000067000212,7
1009000014000715,6
1009000014000999,4
1001000010000099,3
1008000086000106,0
1009000057000063,6
1009000057000292,6
1009000044000702,7
1008000086000166,6
1007000026000242,2
1009000014000177,6
1009000057000048,6
1007000026000145,2
1009000027000197,7
1007000126000258,0
1007000026000309,3
1001000010000197,3
1005000044000067,5
1005000033000263,4
1005000033000413,4
1005000033000287,6
1003000092000122,4
1008000086000076,4
1007000114000783,6
1006000002000121,5
1007000099000601,2
1008000028000177,7
1007000114000156,1
1006000082000012,0
1006000002000245,5
1005000033000432,6
1006000082000226,0
1007000026000429,2
1007000126000070,0
1007000126000244,0
1007000100000176,2
1003000092000125,3
1006000002000259,0
1005000044000239,5
1007000100000400,2
1006000002000140,2
1005000044000098,5
1007000100000318,3
1006000082000246,0
1006000082000191,0
1003000092000291,2
1005000067000313,7
1009000027000355,7
1007000126000312,0
1007000026000172,2
1006000002000127,0
1005000033000081,6
1009000044000484,7
1008000086000065,4
1006000082000101,0
1005000044000055,0
1007000114000242,7
1009000027000443,7
1005000033000427,6
1008000086000135,4
1005000033000128,6
1006000082000103,0
1009000057000302,6
1007000026000338,2
1007000026000171,3
1009000027000409,7
1009000027000306,7
1008000028000883,3
1008000086000042,4
1009000044001328,7
1005000067000127,7
1008000028000083,7
1005000044000363,5
1003000092000106,4
1009000044001108,7
1005000033000097,6
1009000027000306,7
1005000033000242,4
1007000126000334,0
1009000014000561,6
1006000002000265,2
1009000027000068,7
1006000082000048,0
1005000044000314,5
1005000033000250,6
1007000126000305,0
1007000026000182,2
1001000010000062,3
1006000082000301,0
1007000114000314,0
1007000126000325,0
1007000100000340,2
1007000100000491,6
1001000010000213,3
1007000114000509,1
1007000114000788,1
1006000082000068,0
1007000026000160,3
1009000027000462,7
1008000028000093,7
1005000044000053,5
1007000126000426,0
1001000010000052,3
1005000044000269,5
1007000126000209,0
1009000057000052,6
1009000044000308,7
1009000027000371,7
1005000044000194,5
1006000002000081,2
1001000010000187,3
1009000027000311,7
1007000100000360,6
1005000033000479,6
1006000082000054,0
1009000057000035,6
1001000010000215,3
1007000126000427,0
1007000100000368,3
1009000027000284,7
1007000026000217,2
1009000057000050,6
1009000014000418,6
1005000033000134,6
1007000126000245,0
1008000028000214,7
1008000028000252,3
1007000100000153,3
1006000002000076,0
1009000027000087,7
1007000126000378,0
1001000010000058,3
1009000044001328,7
1006000082000291,0
1001000010000234,3
1007000126000275,0
1009000044001265,7
1005000067000710,7
1005000067000224,7
1006000082000176,0
1009000014000182,6
1007000100000430,3
1009000044001298,7
1009000014000170,6
1009000044000602,7
1009000014000214,6
1009000044000976,7
1008000028000336,7
1006000002000039,0
1007000114000161,1
1009000027000362,7
1008000086000132,6
1005000067000140,7
1005000067000723,7
1007000100000393,2
1006000002000253,2
1005000067000386,7
1005000033000279,6
1006000082000056,0
1007000114000134,2
1009000027000350,7
1009000044000681,7
1006000002000040,0
1007000026000310,2
1007000114000770,1
1007000114000109,2
1006000082000082,0
1008000028000957,7
1006000082000072,0
1008000028000218,7
1001000010000169,3
1005000033000068,4
1008000028000252,7
1006000082000307,0
1007000114000155,0
1009000027000243,7
1006000002000175,2
1006000002000142,0
1007000114000755,1
1005000033000424,6
1006000002000116,2
1007000126000201,0
1006000082000224,0
1009000044000368,3
1001000010000236,3
1007000126000292,0
1009000027000470,7
1007000026000322,2
1006000002000240,5
1009000027000402,7
1009000014000285,6
1007000026000405,2
1009000044000096,7
1008000028001238,7
1009000027000170,7
1008000028000560,7
1001000010000172,3
1005000067000125,7
1009000027000394,7
1008000086000145,6
1006000082000287,0
1008000086000166,4
1009000014000766,6
1003000092000168,4
1007000026000345,3
1007000099000600,2
1008000086000139,4
1009000027000291,7
1007000026000424,2
1005000033000414,6
1003000092000082,6
1006000082000057,0
1007000026000161,2
1001000010000235,3
1005000044000101,5
1007000099000600,5
1007000126000172,0
1009000044000514,7
1009000044001326,7
1006000002000121,2
1007000100000157,3
1005000044000298,5
1005000044000183,5
1003000092000184,4
1007000126000212,0
1005000067000728,7
1007000114000324,2
1007000114000108,2
1009000027000264,7
1005000067000728,7
1009000044000459,7
1009000014000287,6
1007000114000235,2
1007000100000169,5
1006000002000061,1
1009000027000300,7
1009000027000088,7
1007000114000439,2
1008000028000082,7
1005000033000411,6
1007000026000406,2
1009000014000870,6
1007000100000082,6
1007000100000397,2
1001000010000100,3
1005000067000207,7
1006000082000318,0
1006000002000068,0
1007000026000176,2
1007000114000303,2
1005000067000636,7
1005000033000272,6
1009000044001469,7
1001000010000205,3
1006000002000109,0
1006000082000253,1
1009000014000961,6
1009000027000452,2
1009000014000478,6
1007000100000100,2
1006000082000204,0
1007000026000255,2
1009000014000195,6
1007000099000409,2
1007000126000311,0
1009000044001240,7
1008000028000738,7
1009000057000294,6
1006000002000060,2
1003000092000268,4
1009000014000651,4
1009000044000547,7
1005000044000088,5
1007000100000438,3
1006000082000315,0
1003000092000287,4
1009000027000396,7
1008000028000891,3
1006000082000175,0
1009000044000465,7
1006000002000244,2
1008000028000224,7
1009000044001231,7
1003000092000216,4
1005000067000471,7
1007000100000225,2
1009000027000404,7
1005000044000068,5
1009000027000210,7
1009000027000280,7
1009000044000547,7
1006000082000079,0
1009000027000307,7
1006000002000070,0
1007000114000146,1
1006000002000252,0
1007000100000506,5
1007000100000285,2
1007000100000500,2
1009000027000346,7
1009000014000787,6
1007000126000057,0
1003000092000194,4
1009000027000104,7
1009000027000348,7
1007000126000143,0
1008000028001245,7
1003000092000090,6
1005000033000425,6
1009000014000421,6
1007000100000166,5
1007000026000225,4
1008000086000051,4
1006000002000137,2
1007000099000463,5
1007000126000262,0
1007000114000151,1
1005000033000126,6
1006000002000018,0
1009000027000204,7
1006000082000171,0
1006000002000117,5
1007000126000357,0
1007000126000165,0
1005000044000031,5
1005000067000399,7
1006000002000145,5
1006000082000155,0
1007000114000240,3
1009000044000114,7
1009000014000445,6
1007000026000147,2
1007000114000792,1
1009000014000869,6
1007000126000053,0
1006000002000164,2
1007000100000127,2
1009000014001015,6
1006000002000109,0
1009000014000708,6
1003000092000090,6
1006000082000285,0
1009000044001277,7
1009000014000237,6
1007000026000354,2
1007000100000481,1
1009000014000348,6
1005000044000297,5
1007000126000186,0
1005000044000236,5
1003000092000121,4
1009000027000434,7
1005000067000293,7
1008000028000388,7
1005000067000399,7
1009000027000469,7
1005000044000219,5
1005000044000181,5
1007000114000789,1
1007000126000084,0
1007000114000142,2
1005000033000110,6
1007000126000340,0
1006000082000235,0
1006000002000249,0
1009000014001023,6
1007000100000460,2
1006000002000069,0
1009000027000120,7
1007000026000359,2
1009000014000824,6
1008000028000087,7
1006000002000111,0
1008000028001284,3
1009000014000927,6
1007000100000195,3
1005000033000413,6
1008000028000652,7
1007000126000213,0
1008000028000668,7
1006000002000205,2
1009000014000320,4
1008000086000045,1
1005000044000313,5
1006000002000041,0
1007000026000340,2
1007000026000048,2
1007000026000371,3
1007000126000056,5
1006000082000014,0
1007000114000304,2
1007000114000747,4
1007000126000463,0
1005000067000391,7
1009000057000294,6
1009000057000935,6
1009000027000163,7
1007000099000532,2
1005000067000213,7
1006000082000317,0
1009000014000216,6
1006000082000111,0
1001000010000053,3
1009000044001284,7
1003000092000295,4
1006000002000018,0
1009000044001548,7
1007000026000039,2
1008000028001244,7
1007000100000347,2
1005000033000274,6
1009000027000107,7
1009000027000225,7
1009000014000737,6
1005000067000547,4
1007000026000202,5
1005000033000256,6
1006000082000179,0
1005000033000136,6
1001000010000086,3
1009000044000900,7
1008000028000332,7
1005000044000102,5
1003000092000111,4
1009000027000382,7
1006000002000072,0
1006000082000246,0
1005000033000136,6
1003000092000362,4
1003000092000195,4
1007000099000458,6
1007000026000178,5
1005000044000110,5
1001000010000081,3
1009000057000314,6
1009000057000949,6
1005000067000729,7
1007000099000599,5
1008000028000324,7
1006000082000278,0
1003000092000280,4
1005000033000116,6
1003000092000281,4
1007000026000211,2
1006000082000068,0
1008000086000094,4
1005000067000401,7
1009000044001116,7
1007000100000153,3
1008000028000332,7
1007000126000356,0
1008000086000085,1
1003000092000358,4
1005000067000472,7
1006000002000069,0
1007000114000304,2
1006000002000030,2
1007000026000416,3
1006000002000092,2
1007000114000436,2
1009000014000109,6
1005000067000315,7
1007000126000438,0
1007000026000328,3
1005000067000232,7
1006000082000316,0
1003000092000271,4
1003000092000358,4
1007000099000396,2
1008000028001166,7
1007000114000276,7
1007000099000537,2
1009000044001553,7
1005000044000159,5
1007000100000082,4
1009000014000176,6
1007000126000461,0
1009000057000292,6
1009000027000096,7
1003000092000269,4
1007000100000340,2
1007000026000341,2
1009000044000379,7
1009000014000947,6
1008000086000092,4
1007000100000213,3
1008000028000256,4
1009000027000292,7
1005000044000057,5
1001000010000136,3
1007000026000187,3
1007000114000509,0
1006000002000024,2
1005000044000315,5
1008000086000166,4
1007000100000310,6
1007000100000288,2
1006000082000188,0
1006000002000032,2
1007000114000772,1
1007000114000438,2
1006000002000027,2
1006000002000191,0
1006000002000254,0
1009000014001009,6
1006000082000201,0
1006000082000269,0
1009000057000948,6
1009000014000268,6
1005000033000089,6
1007000026000328,2
1007000100000142,6
1006000082000227,0
1007000126000054,0
1005000067000212,7
1006000082000259,0
1005000044000219,5
1005000067000319,7
1008000086000118,4
1009000044000429,7
1006000002000089,2
1005000067000547,7
1005000067000480,7
1005000033000107,6
1007000026000216,2
1001000010000112,3
1007000114000430,2
1008000086000074,4
1003000092000187,6
1007000026000208,2
1005000067000140,7
1005000044000390,5
1008000086000143,6
1008000028001041,3
1007000026000434,2
1005000067000385,7
1005000067000486,7
1005000067000307,7
1006000082000152,0
1007000114000332,1
1006000002000090,2
1007000026000350,2
1009000027000320,7
1007000026000416,2
1009000057000032,6
1009000044001027,7
1009000057000047,6
1007000026000309,2
1001000010000097,3
1009000044001512,7
1007000126000091,0
1007000026000221,2
1008000028000560,3
1005000033000279,6
1005000033000112,6
1009000027000252,7
1001000010000216,3
1003000092000313,4
1005000067000143,7
1003000092000090,4
1007000114000315,2
1005000044000240,5
1005000067000305,7
1007000099000605,2
1007000114000124,2
1007000114000110,3
1006000082000186,0
1001000010000101,3
1009000044001517,7
1009000027000468,7
1008000086000067,6
1007000026000370,4
1009000057000318,6
1009000014000204,6
1005000033000409,6
1007000114000754,1
1005000044000039,3
1006000082000122,0
1007000026000174,2
1009000044000855,7
1005000033000102,6
1008000028001070,3
1006000082000086,0
1009000014000564,6
1005000044000212,5
1005000033000416,6
1008000028000040,7
1009000044001407,7
1001000010000173,3
1006000002000130,0
1008000086000094,6
1008000028000222,7
1008000028001043,4
1009000057000926,6
1008000028000324,7
1008000028000184,7
1007000026000321,2
1006000002000251,0
1007000026000224,2
1009000027000157,7
1008000028000507,7
1003000092000125,4
1005000067000123,7
1008000028000855,7
1001000010000194,3
1007000126000045,0
1005000033000479,6
1008000028000412,7
1005000067000633,7
1008000086000045,4
1009000044000919,7
1006000082000230,0
1005000067000639,7
1009000044000141,7
1009000014000882,6
1007000100000298,2
1006000002000081,2
1008000086000096,6
1005000067000297,7
1007000100000176,2
1005000033000135,6
1007000126000378,0
1007000126000059,0
1006000082000225,0
1001000010000117,3
1007000100000118,2
1006000082000123,0
1005000044000290,5
1008000028000099,7
1001000010000039,3
1003000092000317,4
1007000126000308,0
1009000027000401,7
1008000028000413,7
1008000028000717,7
1005000067000558,7
1008000086000039,4
1008000028000908,3
1003000092000175,4
1007000114000313,1
1008000028000812,7
1008000028001315,7
1006000082000189,0
1006000002000141,0
1005000067000131,7
1008000086000125,6
1009000027000394,7
1008000028000561,7
1006000082000186,0
1008000028000074,7
1007000126000246,0
1007000126000240,0
1007000026000222,3
1007000100000184,2
1007000114000140,2
1005000067000321,7
1005000044000319,5
1008000086000103,5
1001000010000218,3
1001000010000045,3
1005000044000101,5
1005000033000257,6
1008000028000671,7
1008000086000086,1
1007000126000432,0
1003000092000286,4
1005000067000481,7
1007000026000359,2
1005000044000191,5
1007000026000429,5
1009000044000913,7
1007000126000046,0
1008000028000394,7
1007000100000168,2
1007000099000615,2
1005000067000730,7
1007000126000423,0
1005000044000208,5
1006000082000208,0
1007000114000791,1
1009000057000929,6
1006000002000057,2
1009000027000356,7
1009000027000359,7
1008000086000067,1
1001000010000129,3
1008000086000063,0
1005000067000639,7
1007000100000307,3
1007000100000450,2
1006000082000229,0
1007000100000128,5
1001000010000088,3
1005000044000390,5
1009000027000324,7
1009000057000038,6
1009000057000942,6
1007000099000538,3
1009000027000344,7
1007000100000208,5
1008000086000142,4
1007000100000304,2
1009000057000062,6
1008000028000831,7
1009000027000378,7
1005000044000046,0
1007000114000240,2
1009000014000555,6
1007000026000335,2
1009000057000941,6
1005000044000270,1
1009000014000156,6
1008000086000124,1
1008000028001070,7
1008000028000585,7
1007000114000234,2
1009000057000038,6
1001000010000200,3
1005000033000140,6
1008000028000188,7
1007000126000054,0
1001000010000185,3
1001000010000083,3
1007000099000409,2
1005000044000186,2
1009000014001047,6
1006000002000143,5
1005000033000133,6
1007000026000047,2
1009000027000112,7
1005000044000032,7
1007000126000164,0
1006000002000058,5
1007000100000085,4
1008000086000087,4
1005000067000398,7
1007000026000326,3
1001000010000183,3
1007000126000260,0
1008000086000068,4
1007000026000146,2
1007000114000128,2
1005000033000102,6
1007000100000371,3
1003000092000169,4
1005000044000320,5
1007000114000245,2
1007000099000496,2
1003000092000091,4
1007000114000291,2
1007000099000534,1
1005000067000305,7
1009000027000148,7
1009000057000059,6
1008000028000773,3
1009000044000146,7
1008000086000048,1
1005000033000124,6
1005000044000270,5
1009000057000292,6
1006000082000057,0
1009000044001592,7
1005000067000563,7
1009000027000339,7
1009000014001055,6
1007000114000167,1
1009000014000315,6
1007000026000175,3
1007000099000599,2
1007000100000136,3
1007000114000436,7
1007000126000333,0
1007000114000134,1
1005000033000414,6
1003000092000213,4
1007000026000224,3
1007000100000492,3
1005000067000554,7
1009000027000344,7
1006000082000227,0
1009000014001047,6
1008000028000763,7
1005000044000341,5
1007000100000107,2
1005000044000092,0
1008000086000173,4
1008000028000585,7
1005000044000372,5
1005000067000565,7
1007000114000330,1
1006000002000035,5
1005000033000243,6
1003000092000096,6
1003000092000078,4
1007000099000599,2
1005000044000238,0
1005000033000280,6
1005000033000098,6
1006000002000058,5
1007000026000324,2
1008000028001247,7
1005000044000346,0
1003000092000287,6
1009000027000295,7
1007000114000508,1
1009000044000790,7
1005000033000239,6
1009000014000202,6
1009000014000516,6
1007000126000310,0
1007000114000772,1
1007000126000084,0
1009000014000671,6
1007000126000137,0
1008000028000526,7
1003000092000216,4
1006000002000157,0
1009000014000833,6
1009000027000424,7
1001000010000078,3
1008000086000178,4
1005000044000343,5
1008000028000181,3
1007000114000314,2
1009000027000474,7
1006000082000262,0
1008000028000885,3
1006000082000286,0
1003000092000204,4
1006000082000113,0
1009000027000331,7
1007000100000086,5
1007000100000221,2
1009000044000185,7
1006000002000023,0
1009000027000222,7
1001000010000226,3
1006000082000276,0
1007000100000191,3
1008000028000511,7
1007000126000466,0
1001000010000133,3
1008000028001265,7
1005000044000050,5
1008000028001208,7
1007000114000156,0
1009000044000802,7
1008000086000149,4
1005000067000294,7
1007000126000269,0
1005000033000109,6
1006000082000158,0
1007000126000172,0
1006000082000094,0
1003000092000086,4
1008000028001063,7
1006000002000053,2
1003000092000094,4
1001000010000040,3
1003000092000280,6
1009000027000219,7
1009000044000856,7
1003000092000107,6
1009000044001108,7
1003000092000297,4
1006000082000306,0
1009000014000651,4
1006000002000227,0
1005000067000484,7
1005000067000306,7
1003000092000084,4
1009000027000342,7
1007000100000425,5
1003000092000197,4
1001000010000062,3
1009000014000677,6
1007000100000086,3
1005000033000253,6
1009000027000448,7
1007000099000527,3
